"27. 평창 관광콘텐츠 개발 및 활성화를 위해 불편사항, 기대하는 점 등을 자유롭게 적어주세요."
"먹거리가 딱히 ..ㅎㅎ
가격도 좀 비싸고요"
♡
스키장 외엔 별로입니다. 블로그등 광고를 통해 많이 홍보해주세요
관광콘텐츠. 평칭만의 특별한 관광콘텐츠개발이 필요함. 모든연령층의 이목을 주목시킬만한것이 필요. 먹거리나 볼거리가 너무진부함
그지역에서만 비교적 저렴한가격으로 맛볼수있는 먹거리가 있었으면 합니다.
"평창하면 올림픽인데
딱히 이것밖에 없다는 이미지가 강한거같아요.
코로나19로 제약이 많지만
상황이 좋아진다면
즐길거리가 많았으면 합니다.
"
자연친화적인 도시라 참 기대가 되나 관광을 목적으로 너무 사람이 몰리는 곳은 몰려 힘듭니드
가족과함께즐길수있는 짧은코스들의 개발
아이들이 체험할 수 있는 곳들이 많아졌으면 좋겠다.
가족들이 함께 즐길수있는 즐길거리가 필요해요
평창이 더 많은 관광지로 각광받기 바래요 많은사람들이 이용할수 있도록요
더 많은 분들이 오시길 바라며 홍보 부탁드립니다
없습니다. 
"평창을 대표할만한 음식은 홍보가 덜된거같아
식도락여행면에선 아쉬웠어요"
교통이 불편해요
.
"볼거리와 즐길거리 먹을거리가 너무 없고 
너무 너무 각각 떨어져있기도 하고
평창..볼게 너무 없었습니다."
더 즐길거리가 필요해요
바가지요금 근절
헌팅.
평창이 앞으로도 더 발전 할 수 있는 도시가 되길 바랍니다. 
여행지에서 좋은 추억만들 수 있게 좋은 서비스와 다양한 상품개발 부탁드려요 ^^
기본적인 물가가 비싸기도 하고 유흥시설들이 잘 되어 있지 않아 밤에는 특별히 할게 없음
아름다운 자연 훼손 없이 개발했으면 합니다.
근접 지역보다 관광컨텐츠가 적은 느낌이에요. 풍성한 볼거리 만들어주세요^^
"올림픽으로 접근도 좋아짐
지역상품 개발 필요해 보임(맛집 거리 등)"
"늘 좋은 평창
점점 발전하는 모습이 좋아요"
쉬운 교통성과 힐링할수 있는 프로그램이 더 생겼으면 좋겠습니다.
좀 더 다양한 프로그램을 개발하는것이 좋을것같다.
"지금 코로나로 인해 여행을 많이 못다녔는데
앞으로  지역 축제 위주로 많이 즐길거리가
더 생겼으면 좋겠습니다"
올림픽 개최지역으로서 기존의 올림픽 시설들이 계속 잘 사용될수있어야한다
대표 맛집 홍보
힐링되는곳많은데 홍보좀 많이해주세요~~
먹을거리. 즐길거리가 여행 한번에 해결될수 있는 것들이 많았으면 좋겠네요.
"조금 더 홍보가 되고, 연계상품이 많으면 좋겠습니다."
아이들과 함께 갈수 있는 곳이 많았으면 좋겠어요
자가용으로 갔는데 너무 막혀서 힘들었던 기억이 있습니다.  큰 숙소들에서 버스운행이 자주 있음 합니다
가성비좋은 다양한 놀거리를 개발해주세요
교통의 편리
다양한 연령대의 가족이 함께 즐길수있는 다양한 프로그램이 요구됩니다.
"매년 축제 있을때 마다 몇번씩 가는 평창인데 
항상 비슷한 축제와 정신없는 시장통축제 같은건 약간의 보정이 필요해요
다들 자가용을.이용하기 때문에 주차장을 좀 정비해서 주차가 용이하면좋겠구요
맛집이라구.갔지만 아닌곳도 많아 실망한적도 있어요(가격이 상점마다 달라서 똑같은 물건이였는데 황당했머요)
시장물건이 다양하져서 사는사람도 두손가득 사가고 싶어요
카드도 사용이 가능해짐 좋겠어요"
ㅡ
평창은 한우가 유명한데 가격이 비씨다. 서울이나 경기보다 식당들이 가격을 비싸게 받아서 부담스럽다. 한우의 고향인 만큼 적절한 가격을 받았으면 좋겠다.
"불친절까지는 아니라도 안친절을 느낀곳이 많았습니다. 
물가도 너무 비싸고.. 그정도 돈을 쓰며 또 가고싶단 생각이 잘안듭니다. 다른것보다 서비스업 종사자들의 사고방식, 자세, 친절.. 등등 대폭 바뀌어야 할 것 같습니다."
굿
교통의 근접성 볼거리 서비스가 잘되면 많이들 갈것같아요
먹거리.캠핑 .축제 정보 많이알려주세욥
낮 시간대에도 가족과 함께 시간을 보내고 즐길 거리가 있으면 좋겟다
축제에 아이들과 즐기기에 좀 더 재미있고 편의성이 높아진 컨텐츠가 있었으면 좋겠음
좋았어요
"스키나 관광도 선호하지만 힐링의 이유로 가게되는 곳입니다
자연을 즐기고 그 자체로 쉴 수 있는 곳 너무많이 계발해서 평창의 이미지가 바뀌지 않기를 바랍니다
쉴 수있는곳 여유를 느낄 수 있는 곳이면 좋겧습니다
그리고 음식의 다양화가 필요한것 같습니다
한번 호기심에 먹어보고 메일부꾸미는 매워서 그냥 그랬습니다"
없어요 ㅎ
"평창은 사실 어떤 관광도시라기보다는 올림픽이 이루어졌던 도시 정도로만 인식되는 것이 사실이므로, 적극적인 홍보와 컨텐츠 제작으로 관심을 끌 요소가 필요하다고 생각"
"사실상 올림픽 이후에는 아무 것도 없는 곳인 것 같습니다.
기대를 갖을 수 있게 개발 좀 부탁합니다."
전반적으로 만족도가 높았음
교통이 더 편리해 졌으면 좋겠어요
좀더 식당?? 먹을거리보완 필요
다른관광지에 없는 놀거리가 개발되었으면 하고 음식값이 좀 저렴하면 좋겟어요
광고로 많은 관광지소개가 있었으면 좋겠다.
"강원도는 우리나라를 대표하는 관광지이기도 하고 평창올림픽개최지로 각광받는 곳이라생각됩니다.
하지만 먹을거리나 숙박의 다양함에 비해 즐길거리가 좀부족하지않나 생각이듭니다.
지역의 특성에 맞춰 즐길거리가 더 개발되길 기대합니다"
페스티벌이 다양했으면 좋겠습니다 
"동계올림픽 유휴시설 접근 및 이용편의성을 극대화하여야 할 것 같습니다.
기자 선수 아파트 일대가 너무 휑해서 구경삼아 가더라도 드라이브 외에는 딱히 즐길거리가 없습니다.
한우마을 외에도 가성비 높은 한우식당을 발굴해주세요(얼마전에 TV에 방송된 식당처럼 사람들이 선호하는 부위 외의 한우를 취급하며 가격을 낮춘 식당 등은 관광객들을 반복해서 찾게끔 만들수 있습니다.)"
바가지 
놀거리가 많진 않았어요..더 많아 졌으면
즐길거리가 늘어났으면 좋겠습니다
평창이 안전하고 유익한 관광지의 대명사가 되길 바랍니다
"강원도 하면 가장먼저 평창이 떠오르는 만큼 관광 콘텍츠 개발이 좀더 활성화되었으면 하고
반면 관광지다 보니 많은 가족이 여행 가기엔 물가가 
너무 비싸다 적정수준의 가격 또한 절충이 필요한듯 합니다"
볼거리가 거의 비슷하고 먹거리가 생각보다 비싸다
위치서비스
맛집개발 sns홍보 
놀거리에 대한 다양한 정보를 쉽게 접할 수 있는 책자등을 쉽게 얻을 수 있었으면 좋겠어요
"안전하고, 건강하게 다녀오고 싶습니다
일본처럼, 호주처럼
국가 특색이 아닌, 구 지역 특색 귀여운 캐릭터, 자연
캐릭터 상품이 부족한거 같아요"
응원합니다
음식이 비싸고 정보가 별로 없고 지역 관광상품이 부족해보입니다.
"제가 사는곳이랑 멀어서 자준 못가지만  
겨울에 한번씩 가긴 좋아요♡"
휴가철 지역민들의 텃세와 상술을 자제해야함
지금 이대로만
위치와 맛집정보
교통불편
즐길거리 숙소의 다양화가 필요해요
볼거리 놀거리가 부족해요
" 선택관광이있으면좋겠고, 너무 정보가없어요"
먹거리와 힐링공간이 적정한가격대로 커플이나 단체가 함께 즐기고 올수있음 좋겠습니다.
"관광지이다보니 얻가든 직원들의 서비스가상당히 부족하고 호텔쪽 직원도 불친절함음식값이비싼편이다
자연환경이좋은편이라 다시갈 의향이 많으나 전체적인 서비스개선은 필요해보인다"
볼거리를 많이만들어주세요
"https://m.happybean.naver.com/volunteer/event/1
위의 제주 사례를 통해 지역의 특화된 관광상품이 개발되고 공사나 포털과 함께 협업하여 홍보 및 지원했으면 좋겠습니다."
아이들과 놀거리 체험할거리등 더 유익하고 즐길거리가 더 풍부해졌음좋겠습니다
관광  볼거리가많으면좋겠다
"모든면에서 좀 부족해요.
편의시설도 관광지도  음식도 더 많았으면해요"
즐길거리 제공부탁드려요
난개발로 인해 산이 훼손되지 않게 잘 보존해주세요.
동계올림픽 끝나고 잘 활용되지 못하고 있는 경기장 활용하기
해당기간 방문시 올림픽기간이어서 숙박 가격이 터무니 없었던 기억이 난다. 대중교통이용은 무료여서 매우 좋았다. 보완할 점은 대중교통 배차시간이 너무 길어 사실상 이용하기가 불편한 점이 있는데 최근 자가용 없이 여행 하는 인구에게는 평창이나 강릉이 그런면에서 메리트가 조금 떨어지는 느낌이 든다. 인위적인 개발보다는 강원도 여행시 기대되는 강원도 특유의 자연으로부터의 힐링을 위해서 자연보존이 시급해 보인다. 
보다 많은 콘텐츠가 있었으면 좋겠습니다~
평창만 가야지만 할수있는것들이 많았으면 좋겠습니다 예를들어 장터를간다면 주차장이라던지 편하게 이용할수있는 장점을 찾았으면 좋겠습니다
어르신들을 위한 건강프로그램이 있었으면 좋겠습니다 
좋아요
도로 정비 부탁드려요
..
숙소가 타지역대비  미흡. 먹거리 특성도 더 보완필요
스키장이용시 한철장사라 그런지 맛이나 영양면에서 아쉬웠던 기억이 있네요  먹거리가 좀더 활성화되고 발전되었음 좋겠어요^^
다양한 즐길거리가 많아지면 좋겠어요
"평창은 주어진 자연 자체가 넘좋다 그자연을 잘 활용하여 계절마다 좋은 축제나 이밴트등을 마련하면  좋을것 같다. 특히 가족단위 행사,콘서트도 좋을것같다"
적극적인 홍보
없음
평창에서 즐거운 여행했어요. 앞으로도 더욱 발전하길 바랍니다. 화이팅
음식점이 좀 더 깨끗하고 다양하게 생겼으면합니다
자연 친화적인 강점을 살렸으면...
식도락 여행으로 먹을거리가 더욱더 풍부해지면 좋겠다고 생각했습니다. 더불어 기념품도 귀엽게 만들어지면 선물용으로 많이 구입하게 될거 같습니다
먹을거리 가 더 많아졌으면 좋겠어요
"자연친화적인 즐길거리가 가족여행에서
필요한것같아요
계곡에서 잠시 놀수있는 카페나 식당,
숲속 액티비티 할수있는곳. ＜ex. 짚라인등..＞"
위생과 식당의 바가지 요금 근절
코로나 안전 홍보
평창개발많이 했으면 좋겠어요ㅠㅠ 뭐가 너무 없어요
"아이와함께할수있는게 생각보다 적었고 
동선이 너무 멀었으며 꼭 평창이어야한다라는게없었습니다"
숙박업소 바가지 좀 해결
고생많으십니다~ 
아무래도 아이와 같이 갈만한곳이 많앗으면 좋겠어요 
"즐길거리가 더 새로워져야 2차,3차 방문이 이어 질 것 같습니다."
지역 전통시장에 대한 홍보가 많이 이루어지면 좋을 것 같아요 여행가면 필수코스로 지역전통장에 방문하여 기념품도 사고 먹거리도 맛보는 분들이 많습니다 
"평창은 올림픽이 열리는 등 국가 행사를 했지만 이에 따른 파급효과가 적다고 생각됩니다. 평창의 특징을 살린 문화관광 자원을 개발하면 대한민국의 가장 유명한 관광지가 될 거라 생각합니다. 특히 대자연을 갖고 있어서 평창의 놀거리, 즐길거리 등이 체계적으로 잘 잡히고 힐링요소(둘레길) 등이 구성되면 정말 많은 사람들이 찾지 않을까 싶습니다. 단양 같은 경우 너무 잘 되어있어 벤치마킹하면 좋을 것 같고요. 평창 화이팅!"
자연을 이용한 관광거리가 더 있으면좋겠어요
좋아용 ㅎㅎ
숙박시설이 좀 부족한것 같습니다. 공사를 하는 도로가많아서 이동시 조금 불편했던 기억이있어요.
먹을거리 볼거리가 더 많아지면 좋을거같아요
위생관리 철저히 바람
토요일 가는길이 너무밀려 고생을 많이했어요. 그리고 평창한화 숙박시설노후화도 심하더라구요.
"평창내에서 이용할 수 있는
평창시의 고유 혜택 쿠폰같은 것이 있었으면 좋겠습니다. "
숙박업소 가격
숙박 및 식당 종사자 분들의 서비스 마인드가 조금 더 필요한 것 같아요. 
자연 생태를 깨끗하게 유지 부탁드립니다 감사합니다 
평창 앞으로도 응원합니다
"남편 고향이라 결혼 이후 종종 방문하는 지역입니다. 
계곡. 숲 등 자연 환경 즐길거리도 많고
메밀국수. 전병 . 소고기 등 먹거리도 맛있는데
생각보다 조용한 지역인것 같아 관광자로서는 좋지만 조금은 아쉬운 기분이 듭니다. 
요즘 사람들이 좋아하는 사진찍기 예쁜 명소들을 조금 더 꾸미면 좋을것 같아요"
다양한 체험놀이와 음식등이 더 많아 4계절 찾은 여행지가 되었으면 좋겠습니다
"주차하기 너무너무 힘듬..
그리고 너무 종류가 한정됨 ㅠㅠ (홍보부족? 일까요?) "
"올림픽말곤 떠오르는게 없음
개발이 필요해보임"
교통과 숙박이 편리해야하며 관광명소가 많았으면 합니다
남녀노소 사시사철 즐길 수 있는 즐길거리를 많이 마련해주세요.
관광콘텍츠개발을 많이하고 홍보를 적극적으로 해서 자주갈수 있도록 해주세요~^^
"교통이 더 편리해지고 문화관관지마다 주차시설이 더 확보되었으면 좋겠다
음식점 가격도 관광객 상대의 가격인거 같은데 좀 더 저렴했으면 좋겠다"
지역축재 등 관광요소가 개발되면 좋겠습니다.
"서비스 종사자의 마인드
관광 인프라 부족"
"바가지 같은게 없어졌으면 좋겠어요
여행하면서 그런 느낌을 많이 받았어요
평창 관광콘텐츠 개발로
많은 분들이 최고의 여행지 생각하는
평창 되길 바래요 
항상 응원할께요"
아이들이랑 자주가는데요 아이들이랑 저녁시간 즐길수있는 레져가 더 많아지면 좋겠어요
"평창에 그래도 자주 가는 편인데 항상 가던 곳만 가게 됩니다.
갈 곳이 마땅히 없어요..먹거리도 항상 비슷 
조금 더 다양하게 컨테츠개발이 되길 바랍니다"
매번 가는 곳이 정해져 있는 듯..워터파크를 포함해 좀 더 많은 볼거리와 먹거리가 있었음 합니다
올림픽이미지를 잘 활용해서 계속 브랜드화 하면 좋을것 같습니다
로또
평창안에서의 교통이 조심 수월해졌으면 좋겠습니다
응원합니다
교통이 편리 했으면 좋겠습니다.
"좋은 자연환경속에서 힐링하며 즐길수 있는
장소가 많았으면 좋겠습니다 "
"사실 숙소 근처말고는 즐길거리랑 괜찮은 음식점이 부족해요
"
"숙박 및 먹거리 온라인 노출이 적은편이여서
항상 가면 실폐하기 싫어서 다녔던 곳만 가게되는곳인듯 합니다
홍보가 좀더 되어야 하지 않을까 합니다
예를들어 삼양 목장같은 경우 
아이동반 이벤트라던지!! 육아맘의 마음을 흔들수 있는것들도 필요하구요!!
결혼전엔 자주다녔지만 육아후 덜 가게되는건 사실인듯 합니다"
평창이 올림픽으로 부각되다보니 겨울에 맞물리는거같아요. 여름에 가기고 참 좋은곳인데 말이죠. 
좀더 교통 (도로정비) 이 좋아졌음 좋겠다
"수도권 제외한 지역의 접근성 도로망, 교통편등이 좋지 않았다.
"
SNS 및 지역홍보 광고
여러 행사를 많이 했으면 좋겠습니다~~#^
감사합니다.
"주변에 산이 많으나 등산을 위한 정비가 너무 취약하다. KTX역 근처 금당산조차도 등산로 개발이 거의 안되어 있다.
주변에 있는 횡성호수길이나 원주국립공원 등에 비하여 매우 떨어지는 편입니다."
주변에 강릉을 더많이가게되는것같은데  특성화된 먹거리개발이나  올림픽컨텐츠를 활용한 관광상품(볼거리 놀거리가있는 장소)  을 만들었음좋겠습니다
가족단위 함께 즐길 수 있는 다양한 콘텐츠가 더 개발되길 희망합니다
충청지방에서 접근하기 쉬운 길이 있었으면 좋겠습니다.
자연환경에서 체험할수 있는 다양한 체험활동이 많이 생겼으면 좋겠습니다
먹거리와 이지역만의 특색이 많아지면 좋겠어요
평창만의 특색을 좀 더 개발하여 관광자원을 만들어 주시되 풍성한 즐길거리를 만들어 여행의 만족도를 높게해 주세요
다양한 놀거리에 대한 정보가 많이지면 좋겠습니다
요즘처럼 우울한 시점에 힐링이 되는 대자연에서의 명상과 요가체험이나 마음의 위로가되는 프로그램이 있었음 좋을 것 같습니다.
체험과 이벤트
"놀거리.볼거리 개발과
Sns 등 많은 홍보로 좋은 정보 많이 알 려주세요"
"주말, 성수기 고속도로가 늘 밀리는데 그부분만 좀 해소되면 좋겠습니다. 한우, 막국수 말고도 먹을거리가 더 다양했음 좋겠습니다"
위치가 너무 멉니다
사람들이 많이 찾아갈수 있도록 숨겨진 스팟을 찾아서 홍보 해주시면 좋을 것 같습니다.
"코로나관련 방역과 거리두기를 생활화하면서  
안전하고 즐거운 평창 여행 지내기 캠페인을  한다"
Ktx외에도 다른 교통수단이 있었으면 좋겠습니다.
기대합니다
"외국인 관광객 유치를위해 좀더 많은 홍보와
다양한 서비스가 필요할것 같습니다."
지어진 올림픽시설을 다방면으로 활용을 하면 좋을것 같아요 
올림픽이후로 관리가 안된 느낌을 받음.
"부모님들,아이들 함께 어울릴 수 있는 실내 장소가 있으면 좋을 것 같아요. 겨울엔 가도 어린 아이들 때문에 잠깐 눈구경 하고 오는게 전부라 아쉬워요"
가족단위로 즐길수 있는 프로그램이 개발되면 좋겠다
"레포츠는 이미 잘되어있지만 수상레포츠가 많은시기라 가평으로 많이 가는것같아요
가족들이 편안하게 여행할 수 있는 힐링컨셉이면 사계절 내내 많이 방문할 수 있을듯합니다
평창 송어축제도 좋았는데 아이들이 좋아하는 음식을 찾기가 힘들었어요"
좀 더 많은 관광상품이나 볼거리 먹을거리 체험이 만들어져야 할 것 같습니다.
적극적 홍보
"생각보다 볼거리 놀거리가 많이 없어요 평창시에서는 하루면 볼 거 다 보는 느낌이에요 좀 더 컨테츠가
다양해졌으면 해요"
풍부한 놀거리를 만들어주세요. 그럼 더 좋은 평창이 될거예요~ 
힐링을 위한 산책길이라던지 평창만의 특화된 장소가 있었으면합니다.
"전반적으로 행복하고, 또 가고 싶은 곳입니다.
안전만 확실하다면 지금이라도 가고 싶습니다.
"
적정금액의 식품판매와. 자가용없이 이용가능하도록 대중교통개선시급
대관령말고도 더 다양한곳들을 홍보해주셨음 좋겠어요
없음
"관광지마다 이벤트를 통해 입장료가 좀 저렴해지거나
즐길수 있는 포인트가 있으면 좋겠어요."
주변에 즐길 관광자원이 부족하고 음식도 막상 먹으려면 메밀음식 빼곤 평이합니다. 숙소에서 즐기는 레포츠외에 유인거리가 더 있었으면 좋겠습니다
먹거리 특화 및 지역색에 맞는 가성비 좋은음식 전문화
"주로 자차를 이용하지만
대중교통이 없는 것 같아
젊은이들이 다니기엔 불편해보였습니다.
대학생등 자기 자동차가 없는 이들을 위해
공유 교통수단이 활성화되면 좋을 것 같습니다."
"알펜시아리조트를 좀 더 많은 사람들이 모이도록 부대시설 이용이 매끄럽길 바란다. 충분한 부지가 있는데 컨텐츠가 다소 부실해서 이용객이 많지않고 시설들도 방치되는 느낌이 들었다. 리조트다운 리조트로, 내부에서 휴양, 관광, 식사 등 이용이 가능하도록 개발하면 더 많은 사람들이 방문할 것이다"
좋아요^^
교통이 좋았으면 합니다.
ㅎㅎ
"관광사업 활성화를 위한다면 어느 위치 어디서든
그주변 놀러갈곳등이 탐색되서 쉽게 찾아갈수 있는
가드앱이 있다면 평창을 모르는 외지인도 편리하게
평창을 구석 구석 즐길수 있는기회가되고 못둘러본곳은
다음에 또 가볼수 있는 스템프투어같은 기회가 있으면 좋겠습니다."
학습채험관련한  것이  많으면 좋겠 습니다
놀거리 및 힐링요소를 홍보?
"코로나19로 인해 해외를 못나가기 때문에
이국적인 정취를 느낄 수 있다면 핫스팟이 될 수 있을 것 같아요~"
"평창은 볼거리가 진짜 많아요.

교통이  조금 더 편해졌으면 좋겠습니다."
"고속도로 전광판에 평창을 알릴 수 있는 슬로건을 넣었으면 좋겠습니다.
고속도로도 많이 뚫렸는데
여기서부터 평창까지 2시간. ~
강릉 말고 인파가 분산 될 수 있게 평창을 소개하는 것도 좋을 것 같습니다."
여러가지 엑티비티가 있긴하지만 특별한것은 없다. 올림픽 도시답게 다양한 스포츠.활동을 할 수 있으면 좋겠다
휴가철 및 주말에 교통의 불편함을 해소하면 좋을듯 합니다.
"쫌더 친절했음 좋겠어요
불친절 "
불편사항은 딱히 없으나 강원도 타 관광지에 비해 평창의 이미지는 관광보다는 아직 올림픽으로만 치우친 듯 해서 아쉬워요
평창은 스키가 유명해서 스키관련 이벤트나 행사가 많았으면 좋겠습니다
"여즘 바가지는 없지만.. 그래도 관광객한테 친절하고 합리적으로 대했으면 좋겠어요
내돈쓰며 기분나쁜적이 한두번이 아니에요!"
"숙박시설이 애매한것같아요.
너무 비싸거나 안좋거나 합니다"
즐길거리가 좀더 다양했으면 좋겠어요 
"아이와 함께 하는 트레킹코스 개발
유모차로 갈 수 있는 관광지 알려주기
아기의자 있는 식당 알려주기
"
"관광객을 상대로하는 음식점들은 위생, 서비스에 신경을 더 썼으면 좋겠다"
"올림픽때 꽤나 인상적이였어서 시댁이랑 가까워 가끔씩 가곤합니다만 올림때에 비해 확실히 볼거리, 즐길거리가 없어 다소 실망하곤 합니다. 관광도시답게 지속적으로 평창하면 이거지 하는 타이틀을 가지고 활성화 하셧으면 합니다."
"멀리서도 아이들과함께 찾아갈만한 
다양한 프로그램, 축제가 열리고 홍보되길 바래봅니다"
"평창이 접근성 좋은 여행지인만큼 숲체험 등 중장년층이 애용할 수 있는 컨텐츠 개발 희망
또한 호텔이나 리조트만 이용하는 것은  펜션 등의 숙박시설 수준이 별로라는 주변의 인식이 원인인바 서비스 점검 및 홍보 필요"
바가지요금없는 공정요금
"다양한 체험거리가 생겼으면좋겠다.
스템프제도나 지역화폐 이벤트 등"
"지역상권 운영주분들도 관광객들을
뜨내기보듯 대하시지말고 단골손님처럼
친근하게 대해주셨으면 합니다."
좋은 콘텐츠를 많이 홍보해주세요
"비운전자라 대중교통이용이 원활했으면 좋겠습니다.
"
"이번 여행에서 너무 만족하고 왔네요
코로나로 돌아다니지 못했는데 그래서 인지 아이가 너무 좋아했어요^^"
눈이 많이 올 때 딱히 할만한 액티비티가 없어요
관광객들이 참여할 수 있는 프로그램들이 많았으면 좋겠다.관광지만 딱 있으면 한 번 보고 끝이라서 기억에도 많이 남지 않는 것 같다.
매번 비슷한  콘텐츠이고 관광지 음식가격이 높이 책정되었다.
자연이 아름다운곳의 장점을 더 살려주세요. 아이들과 체험할 수 있는곳이요
먹거리가 단순하고 특색이 없음
평창 좋아요
홈페이지 방문시 무료선택가능한 음악감상 코너를 제공해 주었으면 합니다. 예를 들어 국악 클래식 가요 팝송 동요등 본인의 취향에 맞는 음악을 무료로 들을 수 있는 뮤직 휴게실 코너를 만들어 주세요. 또한 시각장애인분들을 위한 음성안내기능도 필요하다 생각합니다ㆍ 현재 음성안내 기능이 없어서 시각장애인분들이 사용하시기에 너무나 불편합니다. 빠른 개선 부탁드립니다. 감사합니다
"봄,가을 지역행사 홍보 많이 했으면 좋겠어요.
관광지 갔을때 늘 축제기간이 끝나서 아쉬웠어요."
늘 만족하는 여행지입니다
없음
평창 화이팅 ^^
"코로나 이후 사람이 너무 몰리는 관광지는 꺼려지는데 그러한 점에서 평창이 관광객이 너무 많지 않아 거리두기를 하면서 여행할 수 있는 점이 좋았습니다.
앞으로도 이러한 장점을 살리면서 자연을 즐길 수 있는 곳으로 홍보가 많이 되었으면 좋겠고요 안전성에서 정말 확실한 곳이 되면 좋겠습니다."
"다양한 숙박업소, 즐길거리가 다양하면 좋겠어요"
"평창올림픽이 개최된 도시인만큼, 일회성이 아닌 대한민국 대표 관광지가 되길 바랍니다"
많은 사람들이 놀수있는 놀거리가 많이 생겨 많이 개발됬음해요
올림픽경기장을 다양한 체험존으로 발전시킬수 있었으면 좋겠습니다
없습니다
먹거리가 다양하게 있었으면 좋겠다
여러가지 
펜션등 소규모 숙박업소들이 잘 관리되어 활성화 되었으면 좋겠다 볼거리가 더 다양하게 있었음 좋겠다
제휴서비스같은게 있으면 좋겠어요
"봉평계곡은 너무 좋아 20년전부터 방문한곳인데 인근 펜션이 노후화 된곳이 많았어요 보완이 필요해보입니다
해피700. 평창 너무 좋아요~~"
멀지만 않다면 여러번 갈만한 곳...ㅠㅠ 좀 더 교통이 좋아지면 좋겠어요.
다 좋음
좋아요 평창
"숙소가..
좀 지저분해요"
도시를 떠나서 즐길수 있었던 좋은 기회였었다 만족스러운 여행앞으로도 기대된다
가족단위 체험공감이 많았으면 좋겠어요
맛집이 너무 적어요
교통편이 자유로웠으면 좋겠다.
딱히 없음
크게
멋진 여행부탁드려요
숙박시설 안전점검 및 위생철저 검사
체험교실이 많았으면 좋겠다.
관광지 바가지를 없애주세요.
"아이들을 위한 생태 체험이나 자연 체험, 무언가 배우고 체험 할 수 있는 다양한 콘텐츠가 많아졌음 좋겠어요~ 맛집도 기대해 봅니다 ㅎㅎㅎ 인스타 핫플도요^^"
좋음
"딱히 없다.
발전하려 하지않고 기존에 있는 시설들과 서비스의 질이 높아졌으면"
"홍보가 더 많이 되었으면 좋겠어요.
힐링장소.액티비티.먹거리등이요!"
숙박업소 과도한 바가지는 없어져야 한다
다채로운 행사가 좀더있었으면
"타지역에 비해 관광지로서의 인지도와 활성화가 낮은편인것 같습니다. 

생각보다 즐길거리가 많지 않은 것 같아 아쉽습니다. "
"숙박시설의 노후화된점을좀더보완하고  평창지역내서
 움직일수 있는 볼거리 시설등의 소개를 쉽게 어디서든
알아보기가 가능한 시스템이 구축되었으면 좋겠어요."
바가지가 없었으면 좋겠고 사람들이 다 친절해서 좋아요  조금더 품격있는 호텔이 하나 들어오면 더 좋겠어요예를들면 강릉 씨마크 정도요
없음
화이팅!
강원도 여행을 가게되면 평창을 자주 가게되는것 같아요  필요한 부분은 보완해서 더 좋은 도시로 거듭나길 바라겠습니다
상가 주인분들이 조금 더 친절하셨으면 좋겠어요
맛집이 너무 없어요 ㅠㅠ 유명한 곳도 별루 없구요 아쉬워요
우리나라 대표 여행지가 되길 바랍니다!
위생관리및 아이들즐길거리 기대합니다
"평창은 3번정도 갔는데 갈때마다 조금씩 더 좋아지더라구요.
외국인 관광객들도 많이 올수있게
평창이라는 도시의 인지도를 좀 더 높였으면 좋겠습니다.
맛집홍보도 더 적극적으로 하면 훌륭한 관광도시가 될 것 같네요"
노후된 숙소들은 점차 리모델링을 하면 좋겠습니다
올림픽 외에 평창을 대표하는 아이템이나 음식등이 딱히 없는것 같아 지역 특산물이나 관광지등 대표하는 것들에 대한 홍보가 필요할것 같아요 
월정사 깨끗하게 유지시켜주세요~
음식가격이 갈때마다 다른부분 ㅎㅎ.. 
가족단위로 관광하기 좋은 명소들이 많이 소개되면 좋겠습니다. 
바가지요금만 사라지면~~~
젊은 사람들이 좋아할만한 산악액티비티 만들어주세요
아름다운 자연경관을 훼손하지 않고 보존하는 관광개발은 했으면 합니다.
좀더 깨끗하고 안전한 평창으로
"제가 대명회원이라 그런지 예전에는 종종 스키타거나 먹거리로 가다 요즘엔 좀 뜸했던거 같아요 
요즘 코로나로 강원도로 숙박을 많이 가는데
좋고 깨끗한 리조트가 많이 생겼음 좋겠어요 "
"성수기 비수기에 따른 숙박요금바가지. 
때문에 성수기땐 평창 안갑니다.
성수기때도 적정선의 가격만 유지해준다면 갈 의향 있습니다."
종사자들의 무표정이 많았던것같야ㅡ
코로나가 종식되어 어서 다시 놀러가고싶네요
"평창은 올림픽, 스키장 외 딱히 떠오르는 컨텐츠가 부족한 것 같아요. 실제로 여행해보면 계곡이랑 자연등 가볼 곳이 많은데 ~ 멀리 가는 여행인 만큼 가족이 즐길거리가 많았으면 좋겠어요^^"
접근이 쉽지 않고 올림픽 이후로 상권 및 관광지 개발이 되지 않는 것 같아서 아쉬웠습니다. 다시 부흥하길 바래봅니다
"더 좋은 곳이 개발되면좋겠네요^^

지금도 충분히 좋아요"
좀더 놀거리가 많아지길요
"평창 먹거리, 놀거리 적극적인 홍보가 필요한거 같습니다. 직접 가면 정말 좋습니다."
앞으로도 양질의 여행 프로그램을 지속적으로 개발 해주시면 감사하겠습니다
여러가지 코스를 짜서 소개해주시면 좋겠어요. 스키점프 전망대 갔었는데 전망대 커피숍 가격이 비싸더군요 ㅠㅠ 
"시즌만 ㅎ할성화 비시즌엔 먹을거리조차 찾기 힘듬
계절적 관광부분 활성화가 필요할듯"
자차가 아니면 너무다니기가 힘들다
자연 환경을 살린 관광지가 더 많아졌으면 합니다. 
가족여행으로 가는 편이라 재미있는 체험이 많았으면 좋겠어요
"코로나19로 인한 안전성 때문에 관광업도 힘들고 관광객이 이전보다 줄어드는 추세입니다. 이럴수록 포스트코로나시대에 맞는 안전성이 보장된 관광콘텐츠,  과학기술을 활용한 평창만의 색다른 문화.지역관광이 발전되길 희망합니다."
더 체험할수 있는곳이 많았으면 좋겠어요
도로가 더 편리하고 빠른길이 있으면 좋겠습니다.
즐길거리 볼거리 먹거리 많이 만들어주세요
더 자연친화적 관광지로 됐으면 좋겠다
고맙습니다. 평창화이팅
자유로
다양한 방면으로 sns홍보를 장기적으로 했으면 합니다
.
동선이 가까운 여행 코스 짜는것이 딱 체계화 되어있으면 좋겠음
지역주민들의 친절함이 부족해요.
"리조트와 호텔도 잘 되어있고 관광거리는 어느정도는 있지만 식당이 7시반만 넘어가도 거의 다 문을 닫기도 하고 여기선 이 음식을 먹어야해 하는 식당이나 (굳이 토속음식이 아니어도 됩니다 양양의 서피비치에 식당과 카페 참조하시면 도움될듯합니다) 카페 등의 인스타 핫스팟도 더 많이 생겨야 속초/고성, 경기쪽은 가평/양평 등 다른 유명 관광 시나 군처럼 더 활성화될듯 합니다"
 맛있는 먹거리나 축제 등이 이루어지면 좋을것같아요 
지역 특정 음식이 부족하며 sns나 홍보가 부족하다.생각보다 가깝고 길도 잘되어 있다.좀더 지역홍보와 지역특징음식의 다양화가 필요하다
조금더 적극적인 홍보가 필요하다고 생각합니다 
"위생과 직원들의 친절함
그리고 바가지가격 개선등입니다"
"평창하면 떠오른것이 올림픽인데
조금더 유용하게 쓰였음합니다"
브랜드 인지도 잘 살려주세요~=
교통개선
평창에 놀거리가 너무 없어요 많이 개발해주세요ㅔ
다양한 체험할수 있는 활동들을 개발해주세요
더 많은 관광상품을 개발해주셨으면 합니다
"당일치기로 라운딩을 다녀와 오래 머문것은 아니지만 돌아오는 길에 가볍게 어딘가 들려서 둘러보거나 먹을 거리가 부족했음.
메밀을 제외하고는 대표할만한 음식이 없어 특색있는 음식이 있으면 좋을 듯."
"자연 속에서 힐링할 수있는 공간이 늘어났으면 좋겠어요. 
무분별한 개발보다... 자연과 같이 숨쉬고 느끼는 공간이 되었으면 합니다. "
가성비 좋은먹거리 특화
평창 구석구석 홍보가  많이되서 여행시 많은 정보를 얻을 수 있었음 좋겠어요
ㅇ
"루지, 곤돌라 등 이용요금이 다소 높은폄임.
이 외 아이들과 함께 할 수 있는 즐길거리가 조금 더 많아지면 좋겠음.
또 병원(소아과)이 멀리 있거나 전문성이 떨어져 위급 상황에 대처가 조금 힘든 편이니 개선되었으면 좋겠음."
관광지라는 프레임으로 바가지 요금 씌우는것 근절하면 좋겠습니다.
"1. 서울서 자주 오기위해선  KTX와 렌터카 그리고 음식점, 숙박이 연계된 저렴한 가격대가 필요.
2. 지역사랑 상품권이 활성화 될 필요 
3. 평창 홍보 메거진과 홍보대사를 통한 알리기 활성화 해야.
4. 평창의 특산품 개발
5. 한우 비용 너무 고가 문제"
서울에서 더 빠른 교통편이 있으면 좋겠고 올림픽 구조물들을 활용한 테마파크같은것도 있으면 좋겠습니다.
합리적가격의 숙박시설을 많이 만들어주세요
"숙소나 음식점등 홍보를 위해 대가받고 쓴 후기가 아닌
 솔직후기를 볼수있으면 좋겠어요."
앞으로도 자연그대로의 평창이 됐음 좋겠다
놀거리 먹거리가 좀 더 풍족했음 좋겠다
다른 지역에 없는 관광 컨텐츠로 #이것#하면 평창이지!!!  라  할만한 컨텐츠 개발이 중요한듯
볼거리가 좀 다양하게 진행됫으면 좋겠어요
"지역 축제가 다양하지 않다고 생각함.. 평창은 겨울의 도시라는 선입견이 있는데.. 봄 여룸 가을에도 다양한 컨텐츠로 고정관념을 깨는 도시로 거듭 성장하길 바란다.  
접근성또한 요즘 좋아지고 있으므로 준비해 나가는 자시가 필요하다"
체험학습
놀거리가 부족한거 같아요
안전하게 해줘요 
대중교통 만들어주세요
"평창하면 동계올림픽이 제일많이 떠오르는데요
아이들과 여행하기좋은 도시로 활동하기 좋은도시가 되었으면좋겠어요."
감성적인 평창거리가 활성화 되었으면 좋겠습니다
"접근성이 좋아지면 좋겠습니다
"
"
서울분들이 거리상 접근성이 좋은 평창
즐길 거리 놀거리가 풍성해져
주말 나들이 장소로 활성화 되었으면 합니다"
교통편과 음식
"아름다운 자연을 꼭 유지해주세요. 
볼거리. 먹거리. 축제. 등 안내 가이드가 있었으면 좋겠고요.  안전하고 쾌적한 가성비좋은 숙박시설도 있었으면 좋겠습니다. "
놀거리 먹거리가 대부분 부족한거같아요
잘 홍보해주시면 방문하겠습니다~
 음식값만 조금 싸진다면 좀더 부담없이 여행할 수 있겠습니다
파이팅입니다.
오히려  리조트안 식당은 그래도 괜찮았음..주변유명 한우집이라고 해서 갔는데 비싸기만하고 맛과 위생은 별로였음..불친절하구..다시가고싶지 않았음..오히려 속초쪽은  바가지식당도 있지만  그래도 친절한곳이 더  많았던기억이 ...
가족단위 체험학습
편안하게 힐링 할 수 있는 컨텐츠가 많아졌으면 좋겠습니다.
전라도에서의 접근성이 매우 떨어짐
휴가철 성수기때는 가격도 비싸고 불친절함
복잡하지 않고 지금처럼 휴식의 도시가 되길
없습니다
어린아이들도 즐기면서 어른들도 좋아할만한 컨텐츠가 있으면 좋겠습니다
더 발전하는 평창이 되면 좋겟어요!
겨울 뿐 아니라 여름에도 즐길수 있는 특색있는 지역 상품이 많아 졌으면 좋겠네요.
레포츠 자연힐링 등 콘텐츠 홍보필요
"젊은 친구들이 재미있게 즐길 수 있는 관광 요소가 부족했다
특색있는 먹거리와 재밌는 문화 행사를 기대해본다"
겨울 눈길차량 대책. 사고목격을 많이했어용!
숙박 시설 예약 편의성이 더욱 확대 되었으면 좋겠습니다. 
문화체험이 더 많아지면 좋겠오요
"코로나이슈로 인한  방역 및 안전성에 선제적으로 대응하는 마케팅을 
진행하면 좋을듯합니다.

예) 코로나로 인한 안전대비가 가장 잘된 관광지의 현장 사진을 찍고
     sns 칭찬 챌린지에 올리기
"
없음
아이들과 즐길수있는 액티비티가 늘어났으면 좋겠습니다
평창하면 동계올림픽이 생각나서 연계되는 여행상품이 있었으면 합니다
저는 충준히 만족하고 관광객에게 좀더 혜택을 부여했으면좊겠습니다
"많은 분들이 모르는 토속음식등을 소문 많이났음합니다
sns 웹툰같은 활성화도 됬음해요"
음식문화를 좀 더 활성화 했으면합니다
"더 많은 전문인력 유치
편리한 교통 
정확하고 대중적인 홍보"
"포스트코로나에 맞게 독립적으로 가족단위 단체 즐길거리 및 위생, 테이크아웃이 가능한 음식종류 기획(한우버거 테이크아웃 전문점 시그니처메뉴개발등)

그리고 국내여행활성화 기회로 이때 관광콘텐츠 잡아야될것같다(강원도 전라도 여행비용이 매우높다는 의견)..."
숙박업소의 높은 가격 대비 시설과  음식 가격도 비싸고  만족도는 떨어짐
서비스 마인드가 뒤떨어지는 느낌을 받았는데 그 점이 개선되었으면 좋겠다 
접근성 개선 필요 및 즐길거리 필요
"평창에 사는 지인 소개로
6월에 처음 가봤는데
리조트숙소가 가성비 좋아서 저렴하게 즐기고 왔습니다
겨울스키 아니어도 평창에 있는 워터파크든
발왕산 케이블카든 여러 목장이든
홍보가 더해진다면
관광지로  더 각광받을 수 있을것 같습니다"
"한우나 메밀을 이용한 특색있는 먹거리.
지방 간선도로정비"
아이들과 즐길수 있는 공간들이 많아졌으면 좋겠어요
다양한 볼거리 놀거리 개발을 기대합니다
평창의 자연을 느끼고 즐길수 있는 차별화된 지역행사가 있었으면 좋겠습니다
대표적인 음식이 여럿 떠오르지만 보통 강원도 전체를 아우르는 음식들이 생각나지 평창을 대표하는 음식은 잘 떠오르지 않습니다. 
일반 식당의 화장실 위생에 신경써주세요
전통시장의 활성화
"저녁에 가족이 이용가능한 놀거리가 많이 없는게 사실입니다.
여행지에서 저녁시간을 알차게 보낼 수 있었으면 좋겠습니다."
교통불편
다양한 체험 필요
"다양한 놀거리와 대형베이커리카페 등이
생겼으면 좋겠어요"
"진짜 맛집을 소개해 주세요
사람이 많아서 줄도 길구요"
가성비 좋으면서 서비스가 좋은 숙소가 많았으면
"교통이 거리가 더 먼 속초 강릉가는것보다 더 걸림
저녁에 할게 없음 
"
"대형 리조트를 주로 이용하는데, 노후된 탓인지 깔끔하지는 않은편이라... 개선되었으면 해요."
가격대가 싸졋으면
올림픽을 토대로 볼거리 조성 및 유지
이벤트나 인스타 페이스북으로 홍보가 필요
먹을거리가 막국수 메밀국수 한우 송어 외엔 딱히 먹을게 없어요 강릉이나 속초처럼 맛집이나 카페가 많이 생겼으면 좋겠어요~ 
바가지를 하는 업소들이 의외로 있음. 
"교통개선, 너무 좋은곳인데 홍보기 부족하다고 생각이듭니다."
"평창이 더 개발되어 우리나라 관광지 1순위가 되길 바랍니다.
가족들, 친구들과 여행갔었는데 정말 좋았습니다."
음?
음식 맛이..
겨울 스포츠 관련 시설을 좀 더 리뉴얼 해주세요~
"코로나로 해외여행도 못가 국내여행을 더 자주 갈것같아요.
수도권에서 가기도 좋고
공기좋은 평창에 또 갈것같네요
감사합니다 "
편의시설 더 많아지길 기대합니다
인싸 핫플레이스를 컨텐츠로 만들어서 홍보해주세요
더 큰 동물원이 있으면 좋겠습니다.
없음
없어요~ 감사합니다
주변 숙박시설이조금더 저렴해지면 좋겠어요
체험 할수 있눈 곳이 더 많았음 합니다
체험할 수 있는게 많았으면 좋겠다
좀더 빨리갈수 있는 교통수단이 있으면 좋을것 같다 
"현지인 전문 맛집홍보부탁해요
찾아가보려구 합니다"
sns 홍보로 더욱 소문나면 좋겠습니다
앞에설문에 주관식적어놨습니다 수고하세요 
없음
네이버 블로그가 실제 방문보다는 홍보형 리뷰들이 많다 실제 방문해서 평창을 알리고 구석구석 즐길수 있는 부분들을 각 지역처에 알려주었으면 한다
"더 놀거리가 많았으면좋겠고
홍보가 덜 되어 가봤던곳만 가는거같아요"
"처음으로 가본 목장이 너무 좋았습니다. 그런데 너무 기대를 해서인지 양떼들의 위생상태, 목장의 청결 등은 조금 부족했네요. 먹거리도 부족했던 것 같아요. 평창만이 가질 수 있는 목장이라는 아이템을 좀더 보완하여 개선한다면 그 자체만으로 지역의 홍보 요소로 더욱 부각되지 않을까 싶습니다."
의견없음
올림픽이후의 특색을 잘 못찾고있는 것 같습니다..있다고 하여도 홍보부족일지 요새 떠오르는 양양 고성등에 비해 이렇다할 스팟이 없어보여요
"다양한 연령대를 커버할 수 있는
먹거리, 체험, 관광 상품이 좀더 많으면 좋을 듯."
"위 설문지에 표시했듯이 저녁 시간에 식사 후 조용히 즐길만한 야경길이나 공간이 부족한것 같습니다. 그리고 식당 종사자 분들의 서비스 마인드가 좀 아쉬웠습니다. 특히 손님이 많이 몰리는 식사 시간에 힘드신 건 알지만 저금 더 친절하셨으면 해요. 
그 외 자연과 함께 할 수 있는 프로그램이 많이 개발 되어 있어 다양성 면에서 좋았습니다. 예전에는 양떼목장 정도만 생각했는데 동계올림픽 이후 다양해진 볼거리에 만족합니다. "
인프라는 좋은데 콘텐츠가 부족한 느낌이(혹은 홍보가 부족하든가) 들었음. 밤에 운전시 도로가 구간구간 너무 어두워서 무서운 곳들이 종종있음. 깨끗하고 조용한 이미지가 훼손되지  않았으면 좋겠음.
올림픽 추억 연계 컨텐츠 개발 필요
저렴한 숙박시설
아이들을 위한 컨테츠가 많으면 좋겠어요
불편사항은 딱히 없으나 관광 상품이 더 개발되어야 할 것 같음
지역 축제나 행사에 대한 홍보를 좀더 많이 했으면 한다
평창이 관광도시라고는 하지만...솔직히 목장과 올림픽 시설 제외하면 관광지가 없음.
좋았습니다 또 가구 싶어요
조금 노후되었다는 생각이 좀 들었다. 먹거리가 특색있는 것이 없는듯하다
"평창콘텐츠 강화해주세요
좋은거 많이 보고 싶네요!"
더 많은 홍보나 이벤트가 있으면 지금보다 유명해지지 않을까요
휘닉스파크 말고 다른 유명관광지도 있음합니다
지역의 홍보가 중요할 것 같아요
어린아이들을 위한 놀거리 즐길거리들도 많이 활성화되길요.
"숙박이 좀 더 선택권이 있으면 좋겠습니다 
수가 적은 느낌 "
교통이 많이 발달되서 편하게 갔으면 좋겠어요
"기넘품도 다양해지고 음식점도 다양해지면좋겠어요
시설들 특히 화장실 청결했으면합니다"
"가족들과 함께 즐길만한 관광단지 개발이 되면 좋겠습니다. 
대관령 목장과 양떼 목장 이외에 숲길 체험이라던지 자연진화적인 프로그램 등이 있었으면 좋겠습니다."
장터 활성화
가족단위의 이색적인 체험행사가 많이 개최되면 좋을 것 같아요~^^숙소 가성비 좋은 호텔에서 편안하게 머물다 간다면 더욱 좋을 것 같습니다~
적극적인 홍보가 부족해 보입니다..
비용절감
좋긴한데 강원도는 바가지인식이 좀 ㅠㅠ
여름에 관련된 관광이 더 개발되면 좋겠어요..
숙박비가 조금만 내려주세요
"교통 불편
평창하면 올림픽 외 떠오르는 이미지 없음
막국수 한우 외
각 지역별  특산물을 이용한 상픔개발필요
저녁에 볼거리를 만들어
관광객에개 볼거리 제공 필요함
천혜의 자연환경을 최대한 가공하지 않고
보존하면서 매니아들이 지속적으로 방문할
수 있는 고급관광지화 필요"
"올림픽 이후에 관리가 잘 안 되고 있다는 이미지가 강합니다.
이 부분이 개선되면 좋겠습니다."
더욱더 자연과 함께 즐기고 싶네요
"가족과 함께할 수 있는 컨텐츠가 의외로 많아서
좋았습니다
좀 더 확장하고 홍보가 더해진다면
좋을것 같습니다

동해쪽과도 가까워서 바다갔다가
평창으로 와서 노는 코스도 좋으니
그렇게 홍보하는것도 방법이지않을까 싶네요"
업무차 일하러 갔다가 거래처 만나고 오거나 강원도 가는 길에 지나쳐 가는 곳... 아이들 스키장 가는데 따라가거나 데려다 주고 먼저 오는 곳.... 저한테 평창은 머무르는 곳이 아니라 항상 스치는 장소였던 것 같아요. 그래서인지 평창~ 하면 스키장과 평창 올림픽이 떠오릅니다. 그러나 1박 2일이나 2박 3일 스키타러는 가도 평창에 머무르면서 쉬다올 생각은 한번도 해 본적이 없어요. 시설이 잘 갖추어져 있다면 콘텐츠에 대해 잘 홍보하셔야 할 것 같아요.................. 50대 일하는 여성들이 인터넷 뒤지면서 어디에 어떤 편익과 놀거리 콘텐츠가 있는지 찾아보고 살기 힘들잖아요.ㅠㅠ   ..평창 관광업의 포지셔닝이 어디인가요? 50대 여성을 타겟으로 하는 프로모션 전략이나 콘텐츠가 있는건지요? 몰라서 여쭤보네요. 맛난 향토음식? ㅎㅎ 저는 아직까지 일하는 사람이라 그냥 잠만자다 와요^^
고속 버스 시간이 다양했으면 좋겠다...... 
"평창 참 좋아요
기억에 남는 여행이였거든요
겨울이되면  다시 한번더 방문하고 싶어요~"
"육백마지기에서 별보기가 감동적이었어요 
코로나 시대에 꼭 숙박업체 아니더라도 간단한 캠핑이나 스텔스 여행이 자리잡힐 수 있으면 좋겠어요"
저녁산책을 위한 그런 코스들이 있으면 좋을 것 같아요
막히는 도로
관광지가 더 많이 생겼으면 좋겧어요
먹거리와 즐길거리가 분산되어 있어서 딱 여기를 가야겠다라고 생각되는곳이 없다!
요즘에는 지리적으로 불편해도 핫플이면 많이 찾아가는데 평창은 그런 요소가 부족한것 같아요. 요즘 트렌드에 맞는 핫플이 있으면 좋을것 같습니다
#NAME?
볼거리와 숙박시설의 차별화가 있었음한다.
없습니다
좀더 교통시설이 편해졌으면 좋겠어요
여행가이드 책자 곳곳에 많음녀 좋겠어요
"유명한곳이라고하여 가면 볼것도 별로없고 실망이많은 여행이였습니다.
관광거리를 늘리고 유명한관광지들의 허술한 질적인면을 개선해주세요
제가다녀온시점엔 성수기라는 이유로 펜션값이 너무비싸더라구요...
이점도 개선해주세요"
"앞으로도 발전하는 평창이 되었으면 좋겠습니다
관광지/편의시설 개선"
"평창을 목적지로 여행해보지 못하고
강원도 다른 지역을 가며 잠시 즐길거리를 찾았었어요
놀거리도 숙박시설도 딱히 유명한게 없는거 같고
올림픽시 사용했던 건물이 폐가가 되어 이미지가 그리 좋지 않았어요"
먹거리컨텐츠가 조금 부족한거 같아요. 평창하면 떠오르는 시그니처음식을 만들어주세요.
다양한 볼거리제공 필요할듯요
"평창 특산물, 농산물 등 인터넷으로 쉽게 구매
정말 평창 하면 떠오르는 상품 개발"
"다른거는 그냥 넘어갈수있지만,  거리가 상당하기때문에 다시가려면, 날짜를 좀 잡아야 되는 불편함이 있다."
1박2일 따라잡기 등 스토리가 있는 여행
유튜브
"남편 고향이 평창이라서 평창올림픽후에 여행을 갔는데 너무 늦은 시간에 도착해서 인지, 어두컴컴했고, 숙소도 옵션이 없어서, 가장 근처에 보이는데서 숙박을 했는데, 만족스럽지 않았어요.
그리고 교통안내판이 잘 되어 있지 않아서, 구경을 제대로 못하고 왔네요. "
온가족이 안심하고즐길수있는평창이되길바래요
"작년에 송어축제에 갔었는데 너무 잡기힘들었어요.
못잡아도 인당 1마리씩은 주었음 좋겠어요."
송어축제같이 큰축제는 좋은데 보다 안전관리와 다양한 것들 체험할수있음좋겠어요
딱히 없음
좋아요
더 좋은 접근성과 더 적극적인 서비스
축제정보 많이알려주세요
.
"평창 앞으로도 자주 가게 될 곳 같습니다 
동계올림픽과 관련한 관광지가 생각보다 적은 것 같았습니다 "
평창 올림픽 이후 관광에 대한 홍보를 개인적으로는 많이 접하지 못한거 같습니다. 좀 더 많은 홍보와 최근 코로나에 대한 위험들이 많은데 얼만큼 방역에 신경쓰는지를 보여주면 마음 편히 방문 할 수 있을거 같습니다.
올림픽에 투자했던 요소들을 관광거리로 발전시켰으면 좋겠어요
뻔한 즐길거리말고 보다 특색있는 평창만의 색깔로 관광사업이 진행됐으면 좋겠습니다
"TV 드라마, 예능에 많이 협찬해서, 노출 최대화 하면 좋을거 같습니다.
"
체험할 것이 여러가지였으면 합니다 ^^
좀더 많은 콘텐츠가 있어야 방문을 자주 할것같음
힐링타임
좋은 숙박시설제공. 특히 어린아이들 데리고갈수있는..
"맛집 지도, 날씨, 그리고 숙박정보요
후기도 쓸수있게"
저녁에 즐길거리가 부족한거 같아 보완했으면 좋겠다
"강원도 음식을 워낙 좋아해서 뭐든지 잘 먹지만... 
먹거리촌을 형성해서 관광객들에게 선택권을 줬으면 더 경쟁력있게 가게들이 활성화 될 것이며, 몇몇 리조트 외에 숙박을 하지 않는데.. 중소형 깨끗한 숙박 업체들이 더많이 홍보 되기를 바란다. "
숙박비 저렴했으면 좋겠어요
"엑티비티한 20대들이즐길수있는
스포츠레저같은게 활성화됬으면 좋겠습니다"
스키쟝과 연계되는 프로그램이 많았으면 좋겠어요
"숙박비가 더 저렴해져야하고, 놀이 시설 체험시 저렴한 가격대으로 다양하게 이용 할 수 있도록 유도 해야 한다고 생각합니다."
여행 코스를 만들면 좋을꺼 같아요
대한민국의 대표적인 관광지로 온라인상 좀 더 많은 정보가 공유되어 여행을 계획하기 수월했으면 합니다. 
"좋은환경인대 주번인들이 잘 모르는거같아요
적극적인 홍보가 필요할듯 합니다"
가는 길이 편리했으면 좋겠어요.
청소년들이 즐길만한게 없어요 많이 늘려주세요
"낮시간에는 주로 계곡이나 엑티비티를 즐기며 시간을 보냈는데
저녁을 먹고나서부터는 딱히 할게 없어서 펜션에서 쉬었습니다.
저녁시간을 활용한 이벤트가 다양했으면 좋겠네요
지금은 코로나19로 사회적거리두기때문에 진행하기에 어려움이 크겠지만
장기적으로는 꼭 필요하다고 생각합니다.
예)평창 야시장
평창 지역특산품 홍보와 먹거리 판매를 통한 이벤트로 올림핑 이후
침체되어있는 지역경제 활성화에도 크게 도움되고 
평창을 상징하는 랜드마크가 형성되 하나의 지역문화로 만들어도 좋을것 같네요 "
"다양한 즐길거리, 레포츠"
좋았어요
"블로그 믿고 갔다가, 후회되지 않게 걸러주세요"
올림픽관련 투어가 많아졌음 좋겠어요
수도권보다는 지방이 위생 및 안전 관리가 상대적으로 덜 철저한거 같아서 그런 부분을 더욱 섬세하고 정확하게 신경쓰면 안심하고 국내 여행이 촉진될거 같아요~
더나은 평창
관광콘텐츠 개발로 평창이 더욱 세계적인 도시가 되었으면해요
자주 가보고싶은 곳으로 만들어주세요~^^
즐길거리~ 풍부했음 좋겠어요 
교통
"평창군에서 홍보가 부족하다는 느낌....,"
식당들이 문을 일찍 닫는것같아요. 늦게까지 하는 식당이 많아지면 좋겠어요.
더 재미있는 놀거리가 있었음 좋겠어요
없어요^^ 감사합니다
"가는길이 좀더 쉽웠으면
먹을거리에 대한 정보가 많았으면
체험의 다양성"
다양한 콘텐츠 개발부탁드립니다
성수기 시기의 숙소가격 안정화
"무엇이 됐든 훼손하면서까지 발전 및 개발은 하지않고 있는 그대로의 모습을 리모델링했으면 하는 바램입니다.
힐링 평창 유지를 위하여"
행복하세요
더욱더 많은 관광지가생겨 지역경제 활성화를 바랍니다
한우가 가격대비 비싼편같고 평창만의 가성비 토속음식이 있음좋을것같아요
숙박시설 주변에 놀거리가 없어서 보완이 필요합니다
여행객들에게 바가지 씌우는 일이 없는 여행지가 되길 바랍니다
만족
자연 힐링도시로 평창이 더욱 성장하길 바라겠습니다.
"자연과 함께 하고 가족과 함께 하는
힐링되는 그런 프로그램이 있는 곳이 있으면 좋겠습니다"
"좋은 곳이지만 거리가 멀어서 선뜻 주말에 나설수 없는 곳입니다.
접근성이 좋아지면 한번 갈것도 두번 가게될것 같습니다."
펑창둘레길이나 속초시장처럼 시장에 인기메뉴개발
저녁의 놀거리리를 기대해봅니다.
자연환경응 더 느낄 수있는 관광자원을 개발해주면 좋겠다
하루 빨리 코로나가 안정이 되어 다시 찾아 가고 싶네요 
"노포가 적습니다..
오래된 식당을 유지하여 평창 특색이 필요합니다"
"동계올림픽때 방문하면서, 수도권에서 접근하기에 도로도 많이 좋아져서 예전만큼 먼 곳이 아니라는 것을 느꼈습니다. 먹을거리 즐길거리만 있다면 충분히 재방문하고 싶은 곳입니다. "
평창이 다른 지역보다 유난히 물가가 비싼 느낌이 있습니다. 그 부분만 좀 보완되면 좋겠어요
"관광지와 숙소의 접근성이 좋았으면 좋겠음
워터파크 포함된 리조트들이 많았으면 좋겠음
다양한 체험거리가 많았으면 좋겠음"
불편한 것이 없이 즐기다옴
"아이들이 놀거리와 학습을 같이 할수있는곳이
 많이생긴다면 가족단위로 많ㅇㅣ
여행갈듯 해요~"
먼거리인만큼 아이들이즐길거리가 활성화되었음 좋겠어요
"다양한  놀거리랑  먹거리(장터)가  있었으면 좋겠습니다
"
인터넷에 좀 더 자세하게 정보가 나오는 곳이 있으면 좋겠습니다.
"큰 불편사항은 없고 좋은 호텔이 많이 지어지고
레져(고급 수영장이 개발 되었으면 좋겠습니다)"
편안하게 힐링하고 싶은 평창이 되었으면 좋겠어요 
깨끗한 숙박시설이 더 많아지면 좋겠습니다(ex.키즈풀빌라)
트레킹코스를많이만들어주시길바랍니다
"C19가 얼른 안정화되고 마음 편히 가족들과 평창으로 여행가고싶습니다~ ^^
"
축제 먹거리 시장을 좀 활성화해서 많은사람들에게 평창을 알렸으면 좋겠습니다 
"컨텐츠   개발을 더욱더 해서
관광 유치 했음 좋겠어요
가깝구 또 가구 싶은 곳입니다
멀지 않쿠요^^"
"평창은 정말 자주 가는 곳입니다.
다른 체험들이없어도 힐링하는곳으로요
하지만 아이들을 위한 체험, 이왕이면 자연과함께  하는거라면 적극적으로 참여할 생각이 있습니다."
특정 시즌에 사람들이 몰리는 시기에는 물가가 오르는 현상이 없기를 바랍니다
평창의 자랑거리를 적극적으로 홍보할 필요성을 느낍니다. 강릉.속초에 비해 평창의 인지도가 높지 않다고 생각합니다.
"생각보다 벌판같은 느낌이 들었습니다.
관광도시로 더 개발이 필요합니다."
좋아요
없습니다.
올림픽 관련 시설들을 이용한 대중의 참여를 유도하였으면 좋겠어요
"평창올림픽땐 오히려 못 가보다가 올림픽 폐막후에 가게 되었는데
이 곳에 그런 큰 축제가 있었나싶을 정도로 
뭔가.초라한 모습이었어요. ㅠㅠ

그 때의 분위기을.이어가지못하는 거 같구요,
뭔가 사람들이 올만한 콘텐츠가 부족해보이구요. 가족단위의컨텐츠가 부족해보여서 아이들이 이용할 만한 시설이 많아졌음 합니다."
"타지역 대비 볼거리가 없는 편입니다. 평창은 주로 자연 경관을 힐링 포인트로 삼아서 여행 가고 있습니다.
좀더 다채로운 볼거리와 체험 위주 액티비티 활동이 많아졌으면 좋겠습니다 "
온가족이다양하게즐길수있는컨텐츠가더많아졌으면좋겠습니다
가족들과 함께 경험하거나 즐길 수 있는 프로그램 필요 
"힐링 프로그램,놀거리 많이 만들어주세요"
"잘 모르겠음
좀 먼거 빼곤 좋음 "
트래킹 코스와 연계됭 자연속 숙소
좋아요
평창하면 훠닉스파크와 양떼목장 밖에 떠오르지 않아서 특별한 이미지를 만드는 것이 필요할것 같아요
평창하면 떠오르는 행사나 컨텐츠가 있으면 좋을듯합니다.
아이들 체험할 수 있는 목장이나 기타 체험 시설들이 더 많아졌으면 좋겠습니다.
길이 너무 막혀요
평창은 좋은 이미지가 있었는데 생각보다 놀거나 볼게 없어 답답했다. 특히 저녁에 들렀는데 정말 어둠의 도시처럼 할 게 없어 당황스러웠다. 관광객을 위해 저녁 놀거리를 만들어 주세요!!!
지역축제 홍보 많이해주세요
"KTX와 연계되는 대중교통으로, 차없이도 당일치기 힐링여행이 가능하면 좋겠습니다!"
평창하면 그냥 스키나골프정도인데 다양한 역사문화탐방과 힐링하며 즐길수 있는 것들이 준비되었으면 합니다
"저녁이되면 갈곳이없어 리조트 안에서만 있게되요.
놀거리,먹을거리,볼거리를 만들어 주세요."
"아이들이 즐길수 있는 콘텐츠가 많았으면 좋겠어요.
그래야 가족이 함꼐 즐길수 있어서요~ "
좋음
음식점이 다양하지 않아서 선택 하기 쉽지 않았던갓 같아요~ 다양한 지역 콘텐츠가 있어서 더 활성화 되었음 좋겠습니다^^
코로나 전 후로 많은 산업군이 바뀐다고 합니다. 평창은 올림픽 이후로 더 많은 투자와 홍보가 필요했었다고 봅니다 코로나로 인해 위기지만 이를 기회로 삼아 보다 안전하고 올림픽 그 이상의 볼거리와 즐길거리가 있는 평창으로 도약하길 바라봅니다.
제2영동고속도로덕분에 교통이좋은데 서울에서 오기좋게 홍보를 더했으면ㅡ 놀거리 힐링거리가 더많았으면좋겠습니다
없어요
고도가 높아 귀가먹먹하지만 전체적으로 예뻤어요 국도등이 더 자연친화적으로 예쁘면 여행길이 좋을듯해여
"거대유명리조트를 제외한 숙박업체들이 많기는 하지만 가격에 비해 운영자들의 서비스마인드가 부족합니다. 
수도권에서 비교적 접근하기 좋은 위치이므로 무박여행지로 하루코스가 있어도 좋을것 같아요."
없습니다
숙소예약 되게 깨끗한 숙소 많이 만들어주세요
올림픽 유치 기념으로 인한 컨텐츠 제작을 한다면 아이들 교육상의 이유로도 더 많이 찾게 될 것 같습니다
"시대가 시대인 만큼 위생 
방역에 신경 써 주세요 "
"힐링파크같은곳(무료)을  만들었으면좋겠어요
그런곳에서 지역농산품도 팔고 위생적인 음식점들도 많이 들어서게해서 
밥도먹고 산책도하고 캠핑도 즐길수있는 곳을 많이 만들었으면 좋겠어요~서울에서 가기 가까운곳은 아닌데 뭔가 여기아니면 안된다 하는 특색이 있어야 자주갈것같아요

힐링파크 평창
산책길(데크길~유모차길)
킥보드나 인라인탈수있는 길
놀이터
무료 물놀이터
미니미니 올림픽경기체험존(애들위주)
캠핑존
지역농산품판매(직거래장터)
평창먹거리(평창에서만 먹는 특화된 먹거리)
이런곳이 한곳에 있어서 가족단위가 많이 찾는곳이 있음 좋겠어요~캠핑이지만 취사금지해서 도시락먹거나 음식은 음식점에서 사먹고 자고가는 캠핑이아닌 피크닉개념으로요~
리조트도 좋지만 자연경관이 워낙 좋은곳이니 저런시설이 한번에있는 무료공원만들었음 좋겠다생각했어요
"
슥박시설의 낙후된것을 보완했으면 좋겠어요
만족합니다!자연을 즐길수있어 좋아요
편의시설이 안전하게 이용할수 있도록 기대할께요
"아이가없을땐 펜션을 자주이용했는데
서비스나 친절도가 낮았습니다.
가까워서 자주갔었는데 지금은 아이때문에 리조트를 주로가는데 펜션보다 가격도저렴하고 편의시설 등 서비스 친절도 더 높아요. 근데 평창에있는 큰 리조트들은 좀 오래되서 개선이 필요한부분들이많아요. 침구등 위생사항과 관련있으니 개선 해주셨음해요."
"평창은 공기도 좋고 자연환경이 좋아서 힐링하기에 딱인데
생각보다 치유숲 같은 느낌의 정돈된 숲길이나 힐링길이 맣ㄴ지는 않은거 같다. 무분별한 개발 보다 자연친화적 개발을 해 주면 좋겠다 "
"각각의 홍보가 아닌 평창 힐링포인트 선정, 홍보 필요
(정선군의 테마기획 홍보 참조)"
"평창은 한국의 알프스로도 유명하잖아요.
지금처럼 더운 여름 시원하고 깨끗한 평창의 공기를 마신다면 여름의 열기가 가실 거 같아요.

계절별 장점이 많이 노출되었으면 좋겠습니다."
"접근성이나 숙박에있어서 그리 좋은 느낌은 아닌거같아요~
평창 숙박을 검색했을때 올림픽때 글이 안보일정도로 숙박시설관련 좋은글 기사 후기가 많아졌으면 좋겠네요~"
700고지 평창 자연환경을 잘 살려 좋은 관광자원을 개발해주세요
깨끗하고편한 숙소가 많으면 좋겠다
"자주 가지만, 볼거리나 먹을거리 놀거리가 많지 않아 이제 뭘 해야할지 모르겠습니다. "
숙박시설이 좀 더 깨끗하길요 
"식당가 주변 음식값이 대체적으로비싸며 값에 비해 음식의질은 떨어졌다 
"
여름에는 시원한 강원도로 휴가가는 것을 좋아하는데요. 현재도 아주 좋아하는 곳이지만 관광을 위해 더 개발된다면 너무 좋겠네요
ㅡ
"가족이 함께가서 연령대별로 다양하게 즐길 수 있는 콘텐츠가 제공되면 좋겠습니다. 

이쁘고 특색있는 숙박시설들이 더 다양하게 많았으면"
"평창은 저희 지역에서는 작심가고 가야하는 먼곳입니다
당연히 상인분들은 이익을추구하셔야겠지만 지역경제와 평창을 살리기위해서는 볼거리 먹거리를 양심적인 금액과 가성비가 중요하다고 생각합니다 그러기위해서는 시에서 많은 도움이 필요하겠지요"
코로나끝나면 또 걸게요
너무좋다 오늘 또간다
"
겨울에 보드 타러 가지만 

가을에 단풍구경도 가는 지역인데

겨울과 가을은 차이가 많이 나더군요

열리지않는 식당이라던지 이런부분이 보완되면 좋겠습니다."
불편사항 없습니다. 외국인들이 많이 왔으면 좋겠네요
아름다운 자연경관과 ktx로 편리해진 교통으로 관광이 더 활성화될것같습니다.
관광지나 관광상품 및 맛있는 음식에 대해서 보다 홍보가 필요해 보입니다
"쉬면서 볼 수 있는게 없어요. 인상이 깊은것도 없었고, 그냥 시간상 멀리 가기 힘들 때 가게 되는 느낌만 있어요.

그런 제 기억에도 양떼목장을 다녀온 기억은 분명히 남아 있습니다. 자연 경관이 살아있고, 휴식을 하고 직접적인 경험(양한테 먹이주기)가 가능해서 더 기억에 남는거 같아요.

양떼목장처럼 특징점이 있고 꼭 가야할 컨텐츠가 필요해 보입니다. 가까워도 굳이 가야할 이유나, 가서 꼭 보고 싶은 것, 평창만 가진 포인트가 필요할 것 같습니다."
숙소가 전체적으로 너무 비싼 느낌. 회사 콘도회원권 아니면 내 돈주고 잡기에 비싸다. 
"주말 고속도로가 너무 막혀서 문제지...
전반적으로 평창 좋습니다. 산에 둘러쌓인 자연환경이 무척 좋았어요. 아이들 체험이 좀 어려가지로 많았으면 좋겠습니다. "
밤이 되니 너무 어두워서 운전하기 힘들었다 도로 조명이 밝았으면... 
"힐링을 주제로 다양한 체험관광이 많으면 좋겠고 
다양한 음식점이 생기면 좋겠어요. 
숲을 즐길 수 있는 음식점이나 카페도 좋구요. "
"평창올림픽 이후의 올림픽 시설 운영이 미흡함.
"
지금도 좋지만 즐길수 있는 것들이 조금 더 늘어나면 좋겠습니다.
홍보가 부족한듯 하여 정보가 많이 없네요 관광홍보에 좀 주력해야 할듯
올림픽 이후 더 관광객을 유치할 수 있게 액티비티 등이 많이 생겨났으면 좋겠어요
생각보다 먹거리가 부족했고 너무 한정적이고 비쌌어요 
"평창은 언제가도 너무 좋은데 올림픽 말고는 홍보가 덜된거 같아요

정말 공기도 좋고  힐링하기 좋은데 아쉬워요"
교통이 아직도 불편해요
"가는길 고속도로가 막혀요 도로개선.
올림픽 이후로 잠잠해지는듯 해서 더 풍요로운 지역축제 및 sns홍보이벤트 필요하다고 생각합니다"
더 많은 홍보가  있어야 될뜻
평창 경치가 너무 좋아요. 코로나19가 빨리 사라져서 또 가고 싶네요
"아이들의 체험이 가능한 체험형 박물관 또는 재래시장 체험등의 콘텐츠가 조금더 생겼으면 좋겠습니다..

커피거리 같은 강원도 특징을 살린 이색거리도 또 생겼으면 해요~ 


"
"대중교통으로도 갈수있으면
더 좋을듯 합니다"
"코로나 끝나고 강원도로 여행간다면
평창을 가고 싶어요
사계절 즐길거리 많게 해주세요"
다른 지역과 차별화된 상품 개발 필요
많이 알려지면 좋겠습니다
"조용하고 좋은데 놀거리가조금부족한것같아요
체험할수있는것이 많았음좋겠어요"
"
더 많은 사람들이 즐겁게 즐길수있는 놀거리,
맛있는 음식이 있으면 더더욱 사랑받는 평창이 될것같아요 "
아름다운 자연을 더 많이 홍보하고 알려주세요
다양한 연령층을 위한 체험위주의 콘텐츠 개발이 필요할듯
"서울방향으로 오는 길이 항상 막히네요
일찍출발해도 막히고
늦게출발해도 막히고
교통편의성이 좋아졌음 좋겠네요"
다양한 평창 더 많이 소개되었으면  좋겠습니다
"평창 기차여행으로도 가보고 싶어요
근데 홍보가 부족한듯 싶어요"
대중교통을 이용해서 여행하기에는 다소 어려움이 있지 않나 싶어요. 또 평창을 떠올리면 대관령목장 외에는 크게 떠오르는 곳이 없어서 아쉬워요. 
숙박 업소들의 인식 개선
좀더 즐길수 있는 것과 캠핑장이 더 많아지면 좋겠어요
바가지 요금 관리 단속 필요함    나쁜상인  몇몇이 평창 이미지 훼손함
정말 뜻깊고 기억이 많이 남는 여행이였다 불편한 점은 따로 없었다 
1
좀더 다른 스팟을 만들어야할듯합니다
많은 관광지 개발 이벤트가 있었으면 좋겠다.
화천에서 매년 하는 토마토축제같은 행사들을 진행했으면 좋겠어요!
더욱더 홍보가 많이 이루어지고 자연친화적이고 맛있는 음식과 함께 다양한 행사가 많이 열리면 좋을 것 같습니다!
"평창 시내도 잘 정비 되어있고 맛집도 많고
가족과 힐링하기 좋은곳 이라 생각합니다만,
아직도 숙박시설의 바가지 요금이 성행하고 있는관계로
대형호텔이나 리조트를 이용하게 됩니다.
지역적으로 숙박요금을 약속하여 오픈한다면
자주 이용하고 싶어요"
아이들 체함학습이나 축제 먹거리 이런것들이 다양하게 이루어졌음 좋겠습니다.
접근성이 좋아졌으면 좋겠습니다
대중교통의 활성화
먹거리개발
교통이 불편 
"
전국에 여행다니다보면 정말 지역마다 먹거리들이 개발이 잘 된곳들이 인기가 많았습니다. 평창에 이미 있는 메밀 맛집들을 중심으로 좀더 붐을 만들고 여기에 더해서 특색있는 간식거리 3-5가지 정도가 근처에 몰려있다면 그곳을 반드시 들리게 될 것 같습니다. 간식거리는 봉평꽃음료, 봉평주스, 평창음료수, 올림픽쿠키, 동계호떡. 가령 이런식으로 평창을 딱 떠올릴수있는 어떤 시그니처들이 많을수록 여기에 꼭 와야할 이유가 될 거 같습니다. 엄청난걸 개발한다기보다 어떤 먹거리 밀집 지역이 있으면 거기가서 한번에 다양한걸 먹고오는 코스가 되니까요. 청년들이 개발할 수 있게 해서 여기서 판매할 수 있었으면 좋겠어요!

그리고 요즘은 여행가기전에 네이버에 ＜평창 아이 여행＞ ＜봉평 아이 함께 코스＞ ＜봉평 데이트코스＞ 이런식으로 특정 키워드를 넣어서 검색하는 경우가 많으니까 평창에서 이렇게 여행객 단위별로 갈만한 곳을 더 많이 개발해서 홍보할수록 많이 올거 같아요^^
지금은 평창 아이와 함께라고 검색하면 펜션이나 호텔 위주의 코스가 많이 나오는데, 그보단 평창에서만 할 수 있는 몇가지 프로그램들이 더 나오면 좋을거 같아요! 

평창 여행 활성화를 위해서 지자체에서 ＜해피700 평창 키즈투어 이벤트＞라던가, ＜사랑이 이루어지다, 해피700 평창 연인 이벤트＞, ＜나홀로 해피 700 도전여행!＞ 등 다양한 이벤트를 만들고 할인 쿠폰이나 혜택 등을 제공하는 이벤트를 시행하는 것도 확실히 도움이 될거같아요. 평창에 꼭 가야할 이유들을 많이 만들어주어야할거같아요. 왜냐면 강원도는 강릉, 속초, 삼척 등까지 쭉 가버리는 경우가 많기 때문에 중간에 평창에 꼭 들려야할 이유를 만들어주면 좋겠어요!

여행 타겟을 주로 20-40으로 연인, 키즈가족, 나홀로족을 타겟으로 하면 더 활성화 될 것 같아요!



 







"
다양한 연령대의 가족이 함께 즐길수있는 다양한 프로그램이 요구됩니다.
아이들이 놀수 있는 놀이시설이 많았으면 좋겠어요
무료 체험
가족단위 다양한 체험 공간 필요
"올림픽을 치룬 평창인만큼
다양한 볼거리와 휴식을 즐기는 시설이 늘어나길 바랍니다"
"속초에 비해서 맛집이 많이 없는게 아쉽습니다. 손에 꼽을 정도라서 다른 지역에서 식사를 하고 숙소로 들어가는 경우가 많았습니다. 더 다양한 맛집이나 재래시장이 많으면 좋을거 같습니다. 
양떼목장이나 수영장등 이미 있지만 몇 군데 없는거 같아 아쉽습니다. 더 다양한 선택지가 있으면 가족단위 관광객들이 더 많을 것으로 예상됩니다. 
그리고 5성급 호텔이 아니고서는 수영장이 모두 야외에 있는데, 평창은 날씨가 추워 한 여름에도 물놀이를 하는게 쉽지 않았습니다. 테마형 실내 수영장 (워터파크) 이 생긴다면 계절에 상관없이 물놀이를 할 수 있어서 좋을거 같습니다. "
교통이 편리했으면 좋겠다.
"1박은 그냥 펜션에서 머물렀는데 물이 잘 안나오고 뜨거운 물이 안나옴.. 성수기 바가지가 심함 숙박 업소 관리 감독을 하여야할듯 ..
2박은 휘닉스 파크에서 머물렀는데  너무 좋았음 ㅠ "
대중교통을 이용하기편하게해주세요
"숙박시설이 더 생겼으면 좋겠다.
아이들과 놀거리가 있는 장소가 더 개발되면 좋겠다."
너무 볼거리가 없다... ㅜ 
"한우 외의 특색있는 먹거리 개발과 수영장, 스키장, 양떼목장 외의 다양한 즐길거리 개발"
"먹거리가 너무 한정됐음
메밀음식말고 다양한 메뉴의 음식점들이
생겼으면 좋겠음"
다양한 볼거리나 먹거리 홍보
개발에 초점을 맞추기보다 잘 보존하면 좋겠습니다.
"할인혜택, 론칭한 가게 홍보"
적극적인 홍보로 많은이들이 평창을 더 알았으면합니다!
"자연 그대로 유지 했으면 좋겠습니다.
다른 관광지와 다르게
평창 하면 떠오르는 이미지
자연 그대로 보존!!"
개성이 잘 드러나는 버스 패키지 관광 상품이 있었으면 좋겠음.
수고하세요~
"쉽게 접근할 수 있고
관광지에 대한 정보공유가 많아야 할 것 같습니다.
또한 가족.친구. 남녀노소 누구나 즐길수 있으면 좋겠습니다."
숙박시설이 많이 없는게 아쉽습니다
평창에 좀 더 자연친화적인 힐링콘텐츠도 많아지면 좋겠습니다
"깔끔하고 큰 대형 숙박시설 리조트나 호텔이 생겼으면 좋겠어요.
아이들과 갈 수 있는 숲체험이나 글램핑장이 있으면좋겠어요. 
양떼목장 참 좋아했는데 그 3곳 외에 갈만 한 곳이 더 있었으면 좋겠어요^^ 
평창 관광의 도시로 발전하길 기원합니다~ "
"아이들과 함께 놀고 즐길수 있는 체험지가 많아졌으면
좋겠습니다. 앞으로 더 훌륭한 관광지로 거듭나길 기원합니다"
가족과 함께 즐길수있는 놀거리가 많이 생기길 기대할게요
핫스팟 개발로 젊은층 유입이 필요해 보임
가성비 좋은 숙박시설이 더 많아졌음 좋겠어요
지역축제 장터 체험학습등이 좀더 활성화되고 먹거리가 다양하게 맛있고 많이 있었음 좋겠습니다
사계절  두루 즐길 수 있는 관광거리들이  많이 개ㅏㄹ되었으면 좋겠어요
한우말곤 그닥할거랑 먹을것이 없음
